category,crop,n_yield_kgN_ha_yr
Cereals,Barley,83.13
Cereals,Wheat,108.76
Cereals,Grain maize,111.44
Cereals,Other cereals,63.31
Fodder,Fodder roots,112.84
Fodder,Forage legumes,188.17
Fodder,Green maize,170.47
Fodder,Temporary grassland,170.56
Fodder,Other forage crops,90.87
Oilseeds,Oilseeds,80.27
Vegetables and others,Vegetables and other,54.46
Permanent crops,Grapes,23.23
Permanent crops,Olives,9.71
Permanent crops,Other permanent crops,15.6
Other cropland,Pulses,88.3
Other cropland,Potatoes,81.66
Other cropland,Sugar beet,151.5
