metal,units,max_score_0,max_score_1,max_score_2,max_score_3,max_score_4,max_score_5,max_score_6,max_score_7,max_score_8
Cu,mg/kg,22,32,41,50,59,68,77,86,95
Hg,ug/kg,23,179,332,485,638,791,944,1097,1250
Zn,mg/kg,33,57,81,105,129,153,177,201,225
Cd,mg/kg,0.5,0.6,0.8,1.0,1.2,1.4,1.6,1.8,2.0
Ni,mg/kg,9,14,20,25,31,36,42,47,53
Pb,mg/kg,23,42,61,80,99,118,137,156,175
Sb,mg/kg,0.8,1.3,1.8,2.3,2.8,3.2,3.8,4.3,5.0
As,mg/kg,10,30,50,70,95,120,145,175,200
Cr,mg/kg,70,90,110,130,155,180,205,230,250
Co,mg/kg,20,25,30,35,40,45,50,55,60
