effective_land_use,component,full_scheme,published_eu,s2_1_status
cropland,erosion,TRUE,TRUE,x
cropland,landslide,TRUE,TRUE,x
cropland,metal_cu,TRUE,TRUE,x
cropland,metal_hg,TRUE,TRUE,x
cropland,metal_zn,TRUE,TRUE,x
cropland,metal_cd,TRUE,TRUE,x
cropland,metal_ni,TRUE,TRUE,x
cropland,metal_pb,TRUE,TRUE,x
cropland,metal_sb,TRUE,TRUE,x
cropland,metal_as,TRUE,TRUE,x
cropland,metal_cr,TRUE,TRUE,x
cropland,metal_co,TRUE,TRUE,x
cropland,nitrogen,TRUE,TRUE,x
cropland,p_excess,TRUE,TRUE,x
cropland,p_mining,TRUE,TRUE,x
cropland,pesticide,TRUE,TRUE,x
cropland,salinisation,TRUE,TRUE,x
cropland,compaction,TRUE,TRUE,x
cropland,soc,TRUE,TRUE,x
grassland,erosion,TRUE,TRUE,x
grassland,landslide,TRUE,TRUE,x
grassland,metal_cu,TRUE,TRUE,x
grassland,metal_hg,TRUE,TRUE,x
grassland,metal_zn,TRUE,TRUE,x
grassland,metal_cd,TRUE,TRUE,x
grassland,metal_ni,TRUE,TRUE,x
grassland,metal_pb,TRUE,TRUE,x
grassland,metal_sb,TRUE,TRUE,x
grassland,metal_as,TRUE,TRUE,x
grassland,metal_cr,TRUE,TRUE,x
grassland,metal_co,TRUE,TRUE,x
grassland,nitrogen,TRUE,TRUE,x
grassland,p_excess,TRUE,TRUE,x
grassland,p_mining,TRUE,FALSE,na
grassland,pesticide,FALSE,FALSE,nr
grassland,salinisation,TRUE,TRUE,x
grassland,compaction,TRUE,TRUE,x
grassland,soc,TRUE,TRUE,x
forest,erosion,TRUE,TRUE,x
forest,landslide,TRUE,TRUE,x
forest,metal_cu,TRUE,TRUE,x
forest,metal_hg,TRUE,TRUE,x
forest,metal_zn,TRUE,TRUE,x
forest,metal_cd,TRUE,TRUE,x
forest,metal_ni,TRUE,TRUE,x
forest,metal_pb,TRUE,TRUE,x
forest,metal_sb,TRUE,TRUE,x
forest,metal_as,TRUE,TRUE,x
forest,metal_cr,TRUE,TRUE,x
forest,metal_co,TRUE,TRUE,x
forest,nitrogen,TRUE,TRUE,x
forest,p_excess,FALSE,FALSE,nr
forest,p_mining,FALSE,FALSE,nr
forest,pesticide,FALSE,FALSE,nr
forest,salinisation,FALSE,FALSE,nr
forest,compaction,TRUE,FALSE,na
forest,soc,TRUE,FALSE,na
